Macrotrends Data Download,
,
,
,
"DISCLAIMER AND TERMS OF USE: HISTORICAL DATA IS PROVIDED ""AS IS"" AND SOLELY",
FOR INFORMATIONAL PURPOSES - NOT FOR TRADING PURPOSES OR ADVICE.,
NEITHER MACROTRENDS LLC NOR ANY OF OUR INFORMATION PROVIDERS WILL BE LIABLE,
FOR ANY DAMAGES RELATING TO YOUR USE OF THE DATA PROVIDED.,
,
,
,
"ATTRIBUTION: Proper attribution requires clear indication of the data source as ""www.macrotrends.net"".",
"A ""dofollow"" backlink to the originating page is also required if the data is displayed on a web page.",
,
,
date, value
17/03/2008,105.74
18/03/2008,109.57
19/03/2008,103.25
20/03/2008,102.57
24/03/2008,101.7
25/03/2008,101.78
26/03/2008,105.83
27/03/2008,107.56
28/03/2008,105.59
31/03/2008,101.54
01/04/2008,100.92
02/04/2008,104.83
03/04/2008,103.92
04/04/2008,106.09
07/04/2008,108.91
08/04/2008,108.54
09/04/2008,110.89
10/04/2008,110.07
11/04/2008,110.14
14/04/2008,111.71
15/04/2008,113.77
16/04/2008,114.8
17/04/2008,114.8
18/04/2008,116.56
21/04/2008,117.48
22/04/2008,119.17
23/04/2008,119.28
24/04/2008,117.1
25/04/2008,119.64
28/04/2008,118.78
29/04/2008,115.67
30/04/2008,113.7
01/05/2008,112.6
02/05/2008,116.36
05/05/2008,119.94
06/05/2008,121.82
07/05/2008,123.56
08/05/2008,123.77
09/05/2008,125.94
12/05/2008,124.02
13/05/2008,125.83
14/05/2008,124.21
15/05/2008,124.25
16/05/2008,126.5
19/05/2008,127.15
20/05/2008,128.93
21/05/2008,132.99
22/05/2008,130.04
23/05/2008,131.58
27/05/2008,128.81
28/05/2008,131
29/05/2008,126.7
30/05/2008,127.35
02/06/2008,127.75
03/06/2008,124.33
04/06/2008,122.3
05/06/2008,127.93
06/06/2008,138.51
09/06/2008,134.44
10/06/2008,131.38
11/06/2008,136.43
12/06/2008,136.91
13/06/2008,134.84
16/06/2008,134.52
17/06/2008,133.99
18/06/2008,136.54
19/06/2008,131.88
20/06/2008,134.78
23/06/2008,135.98
24/06/2008,136.49
25/06/2008,133.92
26/06/2008,138.91
27/06/2008,139.69
30/06/2008,139.96
01/07/2008,141.06
02/07/2008,143.74
03/07/2008,145.31
07/07/2008,141.38
08/07/2008,136.06
09/07/2008,135.88
10/07/2008,141.47
11/07/2008,144.96
14/07/2008,145.16
15/07/2008,138.68
16/07/2008,134.63
17/07/2008,129.43
18/07/2008,128.94
21/07/2008,131.43
22/07/2008,127.25
23/07/2008,123.73
24/07/2008,124.62
25/07/2008,122.59
28/07/2008,124.72
29/07/2008,122.21
30/07/2008,126.74
31/07/2008,124.17
01/08/2008,125.03
04/08/2008,121.45
05/08/2008,118.71
06/08/2008,118.57
07/08/2008,119.84
08/08/2008,115.42
11/08/2008,114.44
12/08/2008,113.1
13/08/2008,115.96
14/08/2008,115.05
15/08/2008,113.46
18/08/2008,112.92
19/08/2008,114.39
20/08/2008,115.48
21/08/2008,121.23
22/08/2008,114.48
25/08/2008,114.85
26/08/2008,116.31
27/08/2008,118.17
28/08/2008,115.58
29/08/2008,115.55
02/09/2008,109.63
03/09/2008,109.38
04/09/2008,107.99
05/09/2008,106.47
08/09/2008,106.35
09/09/2008,103.23
10/09/2008,102.66
11/09/2008,100.95
12/09/2008,101.19
15/09/2008,95.52
16/09/2008,91.49
17/09/2008,97.39
18/09/2008,97.5
19/09/2008,104.05
22/09/2008,122.61
23/09/2008,107.85
24/09/2008,106.84
25/09/2008,111.54
26/09/2008,106.77
29/09/2008,96.29
30/09/2008,100.7
01/10/2008,98.23
02/10/2008,93.84
03/10/2008,93.91
06/10/2008,88.15
07/10/2008,90.18
08/10/2008,88.94
09/10/2008,86.5
10/10/2008,77.44
13/10/2008,81.17
14/10/2008,78.69
15/10/2008,74.38
16/10/2008,69.81
17/10/2008,71.9
20/10/2008,74.08
21/10/2008,71.29
22/10/2008,66.92
23/10/2008,67.17
24/10/2008,63.34
27/10/2008,61.92
28/10/2008,62.8
29/10/2008,67.45
30/10/2008,65.79
31/10/2008,68.1
03/11/2008,63.93
04/11/2008,70.41
05/11/2008,65.41
06/11/2008,60.72
07/11/2008,61.06
10/11/2008,62.19
11/11/2008,59.38
12/11/2008,55.95
13/11/2008,58.31
14/11/2008,57.18
17/11/2008,55.14
18/11/2008,54.42
19/11/2008,53.64
20/11/2008,48.86
21/11/2008,49.22
24/11/2008,53.63
25/11/2008,50.02
26/11/2008,54.2
28/11/2008,55.21
01/12/2008,49.34
02/12/2008,47.05
03/12/2008,46.79
04/12/2008,43.8
05/12/2008,41.01
08/12/2008,43.69
09/12/2008,42
10/12/2008,43.1
11/12/2008,47.77
12/12/2008,46.27
15/12/2008,44.61
16/12/2008,43.84
17/12/2008,40.17
18/12/2008,36.73
19/12/2008,33.17
22/12/2008,31.1
23/12/2008,30.28
24/12/2008,32.94
26/12/2008,37.58
29/12/2008,39.89
30/12/2008,38.95
31/12/2008,44.6
02/01/2009,46.17
05/01/2009,48.61
06/01/2009,48.56
07/01/2009,42.75
08/01/2009,41.68
09/01/2009,40.69
12/01/2009,37.65
13/01/2009,37.77
14/01/2009,37.43
15/01/2009,35.41
16/01/2009,35.38
20/01/2009,38.57
21/01/2009,42.56
22/01/2009,42.33
23/01/2009,45.12
26/01/2009,46.5
27/01/2009,41.67
28/01/2009,42.04
29/01/2009,41.58
30/01/2009,41.73
02/02/2009,41.35
03/02/2009,40.87
04/02/2009,40.27
05/02/2009,41.15
06/02/2009,40.24
09/02/2009,39.58
10/02/2009,37.54
11/02/2009,35.93
12/02/2009,34.03
13/02/2009,37.63
17/02/2009,34.96
18/02/2009,34.67
19/02/2009,39.6
20/02/2009,39.35
23/02/2009,37.66
24/02/2009,38.86
25/02/2009,41.64
26/02/2009,43.18
27/02/2009,44.15
02/03/2009,40.07
03/03/2009,41.57
04/03/2009,45.28
05/03/2009,43.54
06/03/2009,45.43
09/03/2009,47.01
10/03/2009,45.68
11/03/2009,42.46
12/03/2009,46.91
13/03/2009,46.22
16/03/2009,47.33
17/03/2009,48.97
18/03/2009,48.12
19/03/2009,51.46
20/03/2009,51.55
23/03/2009,53.05
24/03/2009,53.36
25/03/2009,52.24
26/03/2009,53.87
27/03/2009,52.41
30/03/2009,48.49
31/03/2009,49.64
01/04/2009,48.46
02/04/2009,52.61
03/04/2009,52.52
06/04/2009,51.1
07/04/2009,49.13
08/04/2009,49.37
09/04/2009,52.24
13/04/2009,50.22
14/04/2009,49.51
15/04/2009,49.26
16/04/2009,49.97
17/04/2009,50.36
20/04/2009,45.82
21/04/2009,46.65
22/04/2009,47.41
23/04/2009,48.46
24/04/2009,50.65
27/04/2009,49.29
28/04/2009,49.01
29/04/2009,50.19
30/04/2009,50.35
01/05/2009,52.18
04/05/2009,54.45
05/05/2009,53.81
06/05/2009,56.29
07/05/2009,56.67
08/05/2009,58.58
11/05/2009,57.79
12/05/2009,58.81
13/05/2009,58
14/05/2009,58.58
15/05/2009,56.52
18/05/2009,58.99
19/05/2009,59.52
20/05/2009,61.45
21/05/2009,60.49
22/05/2009,61.15
26/05/2009,62.48
27/05/2009,63.41
28/05/2009,65.09
29/05/2009,66.31
01/06/2009,68.59
02/06/2009,68.58
03/06/2009,66.14
04/06/2009,68.8
05/06/2009,68.43
08/06/2009,68.05
09/06/2009,70.02
10/06/2009,71.38
11/06/2009,72.69
12/06/2009,72.13
15/06/2009,70.54
16/06/2009,70.47
17/06/2009,71.07
18/06/2009,71.42
19/06/2009,69.6
22/06/2009,67.09
23/06/2009,68.81
24/06/2009,68.14
25/06/2009,69.7
26/06/2009,69.16
29/06/2009,71.47
30/06/2009,69.82
01/07/2009,69.32
02/07/2009,66.68
06/07/2009,64.06
07/07/2009,62.88
08/07/2009,60.15
09/07/2009,60.36
10/07/2009,59.93
13/07/2009,59.69
14/07/2009,59.62
15/07/2009,61.49
16/07/2009,62.07
17/07/2009,63.56
20/07/2009,63.93
21/07/2009,64.81
22/07/2009,64.58
23/07/2009,66.1
24/07/2009,66.96
27/07/2009,68.34
28/07/2009,67.24
29/07/2009,63.42
30/07/2009,66.9
31/07/2009,69.26
03/08/2009,71.59
04/08/2009,71.4
05/08/2009,71.97
06/08/2009,71.96
07/08/2009,70.97
10/08/2009,70.59
11/08/2009,69.46
12/08/2009,70.08
13/08/2009,70.57
14/08/2009,67.51
17/08/2009,66.72
18/08/2009,69.22
19/08/2009,72.54
20/08/2009,72.4
21/08/2009,73.12
24/08/2009,73.68
25/08/2009,71.6
26/08/2009,71.38
27/08/2009,72.49
28/08/2009,72.72
31/08/2009,69.97
01/09/2009,68.11
02/09/2009,68.03
03/09/2009,67.9
04/09/2009,67.95
08/09/2009,71.08
09/09/2009,71.27
10/09/2009,71.95
11/09/2009,69.34
14/09/2009,68.86
15/09/2009,70.81
16/09/2009,72.5
17/09/2009,72.48
18/09/2009,71.95
21/09/2009,69.74
22/09/2009,71.5
23/09/2009,68.74
24/09/2009,65.74
25/09/2009,65.91
28/09/2009,66.69
29/09/2009,66.56
30/09/2009,70.46
01/10/2009,70.67
02/10/2009,69.8
05/10/2009,70.26
06/10/2009,70.71
07/10/2009,69.6
08/10/2009,71.69
09/10/2009,71.75
12/10/2009,73.24
13/10/2009,74.1
14/10/2009,75.2
15/10/2009,77.55
16/10/2009,78.54
19/10/2009,79.47
20/10/2009,78.87
21/10/2009,81.03
22/10/2009,80.82
23/10/2009,80.11
26/10/2009,78.61
27/10/2009,79.45
28/10/2009,77.39
29/10/2009,79.84
30/10/2009,77.04
02/11/2009,78.08
03/11/2009,79.58
04/11/2009,80.3
05/11/2009,79.64
06/11/2009,77.4
09/11/2009,79.44
10/11/2009,79.01
11/11/2009,79.16
12/11/2009,77.25
13/11/2009,76.34
16/11/2009,78.91
17/11/2009,79.08
18/11/2009,79.55
19/11/2009,77.47
20/11/2009,76.83
23/11/2009,76.49
24/11/2009,74.88
25/11/2009,77.25
27/11/2009,75.95
30/11/2009,77.19
01/12/2009,78.39
02/12/2009,76.62
03/12/2009,76.42
04/12/2009,75.41
07/12/2009,73.89
08/12/2009,72.59
09/12/2009,70.67
10/12/2009,70.54
11/12/2009,69.86
14/12/2009,69.48
15/12/2009,70.62
16/12/2009,72.64
17/12/2009,72.58
18/12/2009,73.3
21/12/2009,72.71
22/12/2009,73.48
23/12/2009,76.03
24/12/2009,76.83
28/12/2009,78.67
29/12/2009,78.87
30/12/2009,79.35
31/12/2009,79.39
04/01/2010,81.52
05/01/2010,81.74
06/01/2010,83.12
07/01/2010,82.6
08/01/2010,82.74
11/01/2010,82.54
12/01/2010,80.79
13/01/2010,79.66
14/01/2010,79.35
15/01/2010,77.96
19/01/2010,78.98
20/01/2010,77.42
21/01/2010,75.84
22/01/2010,74.25
25/01/2010,74.9
26/01/2010,74.67
27/01/2010,73.64
28/01/2010,73.62
29/01/2010,72.85
01/02/2010,74.41
02/02/2010,77.21
03/02/2010,76.96
04/02/2010,73.13
05/02/2010,71.15
08/02/2010,71.87
09/02/2010,73.71
10/02/2010,74.48
11/02/2010,75.23
12/02/2010,74.11
16/02/2010,76.98
17/02/2010,77.27
18/02/2010,78.97
19/02/2010,79.77
22/02/2010,80.04
23/02/2010,78.61
24/02/2010,79.75
25/02/2010,77.99
26/02/2010,79.72
01/03/2010,78.71
02/03/2010,79.62
03/03/2010,80.91
04/03/2010,80.21
05/03/2010,81.5
08/03/2010,81.85
09/03/2010,81.5
10/03/2010,82.07
11/03/2010,82.1
12/03/2010,81.26
15/03/2010,79.79
16/03/2010,81.75
17/03/2010,82.93
18/03/2010,82.16
19/03/2010,80.58
22/03/2010,81.26
23/03/2010,81.68
24/03/2010,80.29
25/03/2010,80.25
26/03/2010,79.75
29/03/2010,81.92
30/03/2010,82.14
31/03/2010,83.45
01/04/2010,84.53
05/04/2010,86.36
06/04/2010,86.54
07/04/2010,85.64
08/04/2010,85.17
09/04/2010,84.6
12/04/2010,84.07
13/04/2010,83.8
14/04/2010,85.62
15/04/2010,85.25
16/04/2010,82.97
19/04/2010,81.52
20/04/2010,82.98
21/04/2010,82.78
22/04/2010,82.89
23/04/2010,84.34
26/04/2010,84.2
27/04/2010,82.43
28/04/2010,83.22
29/04/2010,85.17
30/04/2010,86.07
03/05/2010,86.19
04/05/2010,82.73
05/05/2010,80
06/05/2010,77.18
07/05/2010,75.1
10/05/2010,76.89
11/05/2010,76.37
12/05/2010,75.65
13/05/2010,74.38
14/05/2010,71.61
17/05/2010,70.08
18/05/2010,69.38
19/05/2010,69.91
20/05/2010,68.28
21/05/2010,68.03
24/05/2010,68.23
25/05/2010,64.78
26/05/2010,71.52
27/05/2010,74.56
28/05/2010,74
01/06/2010,72.7
02/06/2010,72.88
03/06/2010,74.62
04/06/2010,71.43
07/06/2010,71.55
08/06/2010,71.88
09/06/2010,74.38
10/06/2010,75.48
11/06/2010,73.89
14/06/2010,74.99
15/06/2010,76.84
16/06/2010,77.67
17/06/2010,76.82
18/06/2010,77.18
21/06/2010,77.84
22/06/2010,77.15
23/06/2010,75.9
24/06/2010,75.96
25/06/2010,78.45
28/06/2010,78.26
29/06/2010,75.93
30/06/2010,75.59
01/07/2010,72.95
02/07/2010,72.06
06/07/2010,71.96
07/07/2010,74.05
08/07/2010,75.46
09/07/2010,76.08
12/07/2010,74.93
13/07/2010,77.16
14/07/2010,77.02
15/07/2010,76.67
16/07/2010,75.96
19/07/2010,76.53
20/07/2010,77.32
21/07/2010,76.27
22/07/2010,79.01
23/07/2010,78.68
26/07/2010,78.93
27/07/2010,77.46
28/07/2010,77.06
29/07/2010,78.3
30/07/2010,78.85
02/08/2010,81.25
03/08/2010,82.52
04/08/2010,82.49
05/08/2010,82
06/08/2010,80.67
09/08/2010,81.46
10/08/2010,80.24
11/08/2010,78.09
12/08/2010,75.68
13/08/2010,75.39
16/08/2010,75.17
17/08/2010,75.76
18/08/2010,75.39
19/08/2010,74.45
20/08/2010,73.45
23/08/2010,72.71
24/08/2010,71.24
25/08/2010,72.07
26/08/2010,73.36
27/08/2010,75.17
30/08/2010,74.69
31/08/2010,71.93
01/09/2010,73.97
02/09/2010,74.99
03/09/2010,74.52
07/09/2010,73.98
08/09/2010,74.65
09/09/2010,74.25
10/09/2010,76.4
13/09/2010,77.17
14/09/2010,76.78
15/09/2010,75.92
16/09/2010,74.58
17/09/2010,73.63
20/09/2010,74.81
21/09/2010,72.96
22/09/2010,72.98
23/09/2010,73.4
24/09/2010,74.63
27/09/2010,76.51
28/09/2010,76.15
29/09/2010,77.85
30/09/2010,79.95
01/10/2010,81.57
04/10/2010,81.43
05/10/2010,82.83
06/10/2010,83.21
07/10/2010,81.34
08/10/2010,82.66
11/10/2010,82.18
12/10/2010,81.67
13/10/2010,83.03
14/10/2010,82.71
15/10/2010,81.23
18/10/2010,83.06
19/10/2010,79.57
20/10/2010,81.93
21/10/2010,80.03
22/10/2010,81.15
25/10/2010,82
26/10/2010,82.6
27/10/2010,81.9
28/10/2010,82.2
29/10/2010,81.45
01/11/2010,82.94
02/11/2010,83.91
03/11/2010,84.45
04/11/2010,86.49
05/11/2010,86.85
08/11/2010,87.07
09/11/2010,87.04
10/11/2010,87.77
11/11/2010,87.77
12/11/2010,84.89
15/11/2010,84.88
16/11/2010,82.33
17/11/2010,80.43
18/11/2010,81.88
19/11/2010,81.65
22/11/2010,81.24
23/11/2010,80.79
24/11/2010,83.21
26/11/2010,83.87
29/11/2010,85.73
30/11/2010,84.12
01/12/2010,86.75
02/12/2010,87.98
03/12/2010,89.18
06/12/2010,89.33
07/12/2010,88.69
08/12/2010,88.3
09/12/2010,88.35
10/12/2010,87.81
13/12/2010,88.62
14/12/2010,88.33
15/12/2010,88.66
16/12/2010,87.71
17/12/2010,88.02
20/12/2010,88.68
21/12/2010,89.3
22/12/2010,89.83
23/12/2010,90.84
27/12/2010,90.99
28/12/2010,91.48
29/12/2010,91.13
30/12/2010,89.85
31/12/2010,91.38
03/01/2011,91.59
04/01/2011,89.39
05/01/2011,90.3
06/01/2011,88.37
07/01/2011,88.07
10/01/2011,89.24
11/01/2011,91.11
12/01/2011,91.85
13/01/2011,91.39
14/01/2011,91.53
18/01/2011,91.38
19/01/2011,90.85
20/01/2011,88.56
21/01/2011,88.22
24/01/2011,86.74
25/01/2011,85.08
26/01/2011,86.15
27/01/2011,84.45
28/01/2011,88.15
31/01/2011,90.99
01/02/2011,89.54
02/02/2011,89.78
03/02/2011,89.42
04/02/2011,87.87
07/02/2011,86.3
08/02/2011,85.85
09/02/2011,85.59
10/02/2011,85.44
11/02/2011,84.39
14/02/2011,83.66
15/02/2011,83.13
16/02/2011,83.8
17/02/2011,85.05
18/02/2011,85.03
22/02/2011,92.65
23/02/2011,96.04
24/02/2011,95.83
25/02/2011,96.52
28/02/2011,97.1
01/03/2011,99.63
02/03/2011,102.27
03/03/2011,101.92
04/03/2011,104.34
07/03/2011,105.37
08/03/2011,105.06
09/03/2011,104.39
10/03/2011,102.73
11/03/2011,101.14
14/03/2011,101.2
15/03/2011,97.23
16/03/2011,97.99
17/03/2011,101.47
18/03/2011,101.06
21/03/2011,102.36
22/03/2011,104.53
23/03/2011,105.21
24/03/2011,105.04
25/03/2011,104.89
28/03/2011,103.54
29/03/2011,104.34
30/03/2011,103.8
31/03/2011,106.19
01/04/2011,107.55
04/04/2011,108.14
05/04/2011,107.82
06/04/2011,108.38
07/04/2011,109.82
08/04/2011,112.27
11/04/2011,109.5
12/04/2011,105.75
13/04/2011,106.6
14/04/2011,107.73
15/04/2011,109.17
18/04/2011,106.7
19/04/2011,107.18
20/04/2011,110.84
21/04/2011,111.72
25/04/2011,111.68
26/04/2011,111.72
27/04/2011,112.31
28/04/2011,112.38
29/04/2011,113.39
02/05/2011,113.03
03/05/2011,110.6
04/05/2011,108.79
05/05/2011,99.89
06/05/2011,96.87
09/05/2011,100.32
10/05/2011,103.39
11/05/2011,97.88
12/05/2011,98.53
13/05/2011,99.21
16/05/2011,96.91
17/05/2011,96.4
18/05/2011,99.52
19/05/2011,97.99
20/05/2011,99.15
23/05/2011,97.06
24/05/2011,99.13
25/05/2011,100.78
26/05/2011,100.18
27/05/2011,100.58
31/05/2011,102.7
01/06/2011,100.3
02/06/2011,100.41
03/06/2011,100.28
06/06/2011,99.07
07/06/2011,99.18
08/06/2011,100.77
09/06/2011,101.95
10/06/2011,99.3
13/06/2011,97.2
14/06/2011,99.37
15/06/2011,94.83
16/06/2011,94.95
17/06/2011,93.02
20/06/2011,93.23
21/06/2011,93.7
22/06/2011,94.96
23/06/2011,90.7
24/06/2011,90.89
27/06/2011,90.65
28/06/2011,92.9
29/06/2011,94.85
30/06/2011,95.3
01/07/2011,94.81
05/07/2011,96.92
06/07/2011,96.67
07/07/2011,98.7
08/07/2011,96.2
11/07/2011,95.16
12/07/2011,97.41
13/07/2011,98.04
14/07/2011,95.75
15/07/2011,97.24
18/07/2011,95.94
19/07/2011,97.49
20/07/2011,98.11
21/07/2011,98.96
22/07/2011,99.53
25/07/2011,98.97
26/07/2011,99.61
27/07/2011,97.4
28/07/2011,97.48
29/07/2011,95.68
01/08/2011,94.98
02/08/2011,93.78
03/08/2011,91.87
04/08/2011,86.75
05/08/2011,86.89
08/08/2011,81.27
09/08/2011,79.32
10/08/2011,83.05
11/08/2011,85.48
12/08/2011,85.19
15/08/2011,87.88
16/08/2011,86.65
17/08/2011,87.58
18/08/2011,82.38
19/08/2011,82.33
22/08/2011,84.42
23/08/2011,85.35
24/08/2011,84.99
25/08/2011,85.15
26/08/2011,85.37
29/08/2011,87.27
30/08/2011,88.9
31/08/2011,88.81
01/09/2011,88.93
02/09/2011,86.45
06/09/2011,85.99
07/09/2011,89.34
08/09/2011,89.05
09/09/2011,87.24
12/09/2011,88.19
13/09/2011,90.21
14/09/2011,88.91
15/09/2011,89.4
16/09/2011,87.96
19/09/2011,85.7
20/09/2011,86.92
21/09/2011,85.77
22/09/2011,80.29
23/09/2011,79.58
26/09/2011,79.97
27/09/2011,84.18
28/09/2011,80.94
29/09/2011,81.87
30/09/2011,78.93
03/10/2011,77.34
04/10/2011,75.4
05/10/2011,79.41
06/10/2011,82.32
07/10/2011,82.7
10/10/2011,85.14
11/10/2011,85.54
12/10/2011,85.3
13/10/2011,83.96
14/10/2011,86.8
17/10/2011,86.38
18/10/2011,88.34
19/10/2011,86.11
20/10/2011,86.07
21/10/2011,87.19
24/10/2011,91.12
25/10/2011,92.98
26/10/2011,90.2
27/10/2011,93.96
28/10/2011,93.32
31/10/2011,93.19
01/11/2011,92.19
02/11/2011,92.51
03/11/2011,94.07
04/11/2011,94.26
07/11/2011,95.52
08/11/2011,96.8
09/11/2011,95.74
10/11/2011,97.78
11/11/2011,98.99
14/11/2011,98.14
15/11/2011,99.37
16/11/2011,102.59
17/11/2011,98.82
18/11/2011,97.67
21/11/2011,96.73
22/11/2011,97.76
23/11/2011,96.16
25/11/2011,96.91
28/11/2011,98.21
29/11/2011,99.79
30/11/2011,100.36
01/12/2011,100.2
02/12/2011,100.97
05/12/2011,100.94
06/12/2011,101.25
07/12/2011,100.45
08/12/2011,98.35
09/12/2011,99.4
12/12/2011,97.77
13/12/2011,100.24
14/12/2011,94.92
15/12/2011,93.84
16/12/2011,93.55
19/12/2011,93.86
20/12/2011,97.16
21/12/2011,98.54
22/12/2011,99.42
23/12/2011,99.72
27/12/2011,101.29
28/12/2011,99.44
29/12/2011,99.68
30/12/2011,98.83
03/01/2012,102.96
04/01/2012,103.22
05/01/2012,101.81
06/01/2012,101.56
09/01/2012,101.31
10/01/2012,102.24
11/01/2012,100.89
12/01/2012,99.03
13/01/2012,98.69
17/01/2012,100.7
18/01/2012,100.61
19/01/2012,100.32
20/01/2012,98.15
23/01/2012,99.47
24/01/2012,98.84
25/01/2012,99.23
26/01/2012,99.76
27/01/2012,99.47
30/01/2012,98.75
31/01/2012,98.46
01/02/2012,97.63
02/02/2012,96.36
03/02/2012,97.8
06/02/2012,96.89
07/02/2012,98.55
08/02/2012,98.8
09/02/2012,99.88
10/02/2012,98.68
13/02/2012,100.39
14/02/2012,100.82
15/02/2012,101.82
16/02/2012,102.33
17/02/2012,103.27
21/02/2012,105.88
22/02/2012,105.99
23/02/2012,107.44
24/02/2012,109.39
27/02/2012,108.49
28/02/2012,106.59
29/02/2012,107.08
01/03/2012,108.76
02/03/2012,106.68
05/03/2012,106.7
06/03/2012,104.71
07/03/2012,106.16
08/03/2012,106.65
09/03/2012,107.4
12/03/2012,106.34
13/03/2012,106.7
14/03/2012,105.49
15/03/2012,105.19
16/03/2012,107.03
19/03/2012,108.09
20/03/2012,105.68
21/03/2012,106.87
22/03/2012,104.98
23/03/2012,106.43
26/03/2012,107.07
27/03/2012,107.32
28/03/2012,105.4
29/03/2012,102.79
30/03/2012,103.03
02/04/2012,105.25
03/04/2012,104.02
04/04/2012,101.53
05/04/2012,103.29
09/04/2012,102.45
10/04/2012,101.12
11/04/2012,102.66
12/04/2012,103.69
13/04/2012,102.84
16/04/2012,102.92
17/04/2012,104.23
18/04/2012,102.65
19/04/2012,102.38
20/04/2012,103.58
23/04/2012,102.68
24/04/2012,103.1
25/04/2012,103.72
26/04/2012,104.56
27/04/2012,104.86
30/04/2012,104.89
01/05/2012,106.17
02/05/2012,105.25
03/05/2012,102.56
04/05/2012,98.49
07/05/2012,97.86
08/05/2012,97.13
09/05/2012,96.8
10/05/2012,97.1
11/05/2012,96.03
14/05/2012,94.75
15/05/2012,93.97
16/05/2012,92.78
17/05/2012,92.53
18/05/2012,91.51
21/05/2012,92.57
22/05/2012,91.44
23/05/2012,89.4
24/05/2012,90.36
25/05/2012,90.64
29/05/2012,90.75
30/05/2012,87.79
31/05/2012,86.52
01/06/2012,83.17
04/06/2012,83.95
05/06/2012,84.31
06/06/2012,85.05
07/06/2012,84.78
08/06/2012,84.08
11/06/2012,82.58
12/06/2012,83.35
13/06/2012,82.56
14/06/2012,83.83
15/06/2012,84.03
18/06/2012,83.26
19/06/2012,83.99
20/06/2012,81.06
21/06/2012,77.91
22/06/2012,79.33
25/06/2012,78.76
26/06/2012,79.34
27/06/2012,80.27
28/06/2012,77.72
29/06/2012,85.04
02/07/2012,83.72
03/07/2012,87.74
05/07/2012,87.11
06/07/2012,84.37
09/07/2012,85.93
10/07/2012,83.92
11/07/2012,85.88
12/07/2012,86.02
13/07/2012,87.15
16/07/2012,88.41
17/07/2012,89.07
18/07/2012,89.88
19/07/2012,92.78
20/07/2012,91.56
23/07/2012,87.77
24/07/2012,88.28
25/07/2012,88.8
26/07/2012,89.4
27/07/2012,90.13
30/07/2012,89.8
31/07/2012,88.08
01/08/2012,88.99
02/08/2012,87.22
03/08/2012,91.4
06/08/2012,92.3
07/08/2012,93.68
08/08/2012,93.39
09/08/2012,93.39
10/08/2012,92.94
13/08/2012,92.76
14/08/2012,93.4
15/08/2012,94.35
16/08/2012,95.66
17/08/2012,96
20/08/2012,96.03
21/08/2012,96.55
22/08/2012,96.89
23/08/2012,95.87
24/08/2012,95.78
27/08/2012,95.54
28/08/2012,96.3
29/08/2012,95.5
30/08/2012,94.61
31/08/2012,96.47
04/09/2012,95.34
05/09/2012,95.37
06/09/2012,95.58
07/09/2012,96.41
10/09/2012,96.52
11/09/2012,97.03
12/09/2012,97.02
13/09/2012,98.3
14/09/2012,98.94
17/09/2012,96.51
18/09/2012,95.25
19/09/2012,91.97
20/09/2012,92.14
21/09/2012,92.64
24/09/2012,91.68
25/09/2012,91.07
26/09/2012,89.92
27/09/2012,91.89
28/09/2012,92.18
01/10/2012,92.44
02/10/2012,91.88
03/10/2012,88.19
04/10/2012,91.69
05/10/2012,89.87
08/10/2012,89.43
09/10/2012,92.42
10/10/2012,91.24
11/10/2012,92.19
12/10/2012,91.83
15/10/2012,91.84
16/10/2012,92.07
17/10/2012,92.04
18/10/2012,92
19/10/2012,90
22/10/2012,88.3
23/10/2012,86.65
24/10/2012,85.39
25/10/2012,85.59
26/10/2012,85.84
29/10/2012,85.52
30/10/2012,85.65
31/10/2012,86.23
01/11/2012,87.05
02/11/2012,84.9
05/11/2012,85.64
06/11/2012,88.62
07/11/2012,84.5
08/11/2012,85.07
09/11/2012,86.08
12/11/2012,85.56
13/11/2012,85.38
14/11/2012,86.32
15/11/2012,85.45
16/11/2012,86.62
19/11/2012,89.05
20/11/2012,86.46
21/11/2012,87.08
23/11/2012,87.01
26/11/2012,87.28
27/11/2012,86.81
28/11/2012,86.1
29/11/2012,87.64
30/11/2012,88.54
03/12/2012,88.69
04/12/2012,88.04
05/12/2012,87.36
06/12/2012,85.47
07/12/2012,85.45
10/12/2012,85.14
11/12/2012,85.36
12/12/2012,86.35
13/12/2012,85.39
14/12/2012,86.32
17/12/2012,86.71
18/12/2012,87.46
19/12/2012,89.09
20/12/2012,89.76
21/12/2012,88.2
24/12/2012,88.29
26/12/2012,90.71
27/12/2012,90.91
28/12/2012,90.66
31/12/2012,91.83
02/01/2013,93.14
03/01/2013,92.97
04/01/2013,93.12
07/01/2013,93.2
08/01/2013,93.21
09/01/2013,93.08
10/01/2013,93.81
11/01/2013,93.6
14/01/2013,94.27
15/01/2013,93.26
16/01/2013,94.28
17/01/2013,95.49
18/01/2013,95.61
22/01/2013,96.09
23/01/2013,95.06
24/01/2013,95.35
25/01/2013,95.15
28/01/2013,95.95
29/01/2013,97.62
30/01/2013,97.98
31/01/2013,97.65
01/02/2013,97.46
04/02/2013,96.21
05/02/2013,96.68
06/02/2013,96.44
07/02/2013,95.84
08/02/2013,95.71
11/02/2013,97.01
12/02/2013,97.48
13/02/2013,97.03
14/02/2013,97.3
15/02/2013,95.95
19/02/2013,96.69
20/02/2013,94.92
21/02/2013,92.79
22/02/2013,93.12
25/02/2013,92.74
26/02/2013,92.63
27/02/2013,92.84
28/02/2013,92.03
01/03/2013,90.71
04/03/2013,90.13
05/03/2013,90.88
06/03/2013,90.47
07/03/2013,91.53
08/03/2013,92.01
11/03/2013,92.07
12/03/2013,92.44
13/03/2013,92.47
14/03/2013,93.03
15/03/2013,93.49
18/03/2013,93.71
19/03/2013,92.44
20/03/2013,93.21
21/03/2013,92.46
22/03/2013,93.41
25/03/2013,94.55
26/03/2013,95.99
27/03/2013,96.53
28/03/2013,97.24
01/04/2013,97.1
02/04/2013,97.23
03/04/2013,95.02
04/04/2013,93.26
05/04/2013,92.76
08/04/2013,93.36
09/04/2013,94.18
10/04/2013,94.59
11/04/2013,93.44
12/04/2013,91.23
15/04/2013,88.75
16/04/2013,88.73
17/04/2013,86.65
18/04/2013,87.83
19/04/2013,88.04
22/04/2013,88.81
23/04/2013,89.21
24/04/2013,91.07
25/04/2013,93.27
26/04/2013,92.63
29/04/2013,94.09
30/04/2013,93.22
01/05/2013,90.74
02/05/2013,93.7
03/05/2013,95.25
06/05/2013,95.8
07/05/2013,95.28
08/05/2013,96.24
09/05/2013,96.09
10/05/2013,95.81
13/05/2013,94.76
14/05/2013,93.96
15/05/2013,93.95
16/05/2013,94.85
17/05/2013,95.72
20/05/2013,96.29
21/05/2013,95.55
22/05/2013,93.98
23/05/2013,94.12
24/05/2013,93.84
28/05/2013,94.65
29/05/2013,93.13
30/05/2013,93.57
31/05/2013,91.93
03/06/2013,93.41
04/06/2013,93.36
05/06/2013,93.66
06/06/2013,94.71
07/06/2013,96.11
10/06/2013,95.82
11/06/2013,95.5
12/06/2013,95.98
13/06/2013,96.66
14/06/2013,97.83
17/06/2013,97.86
18/06/2013,98.46
19/06/2013,98.24
20/06/2013,94.89
21/06/2013,93.81
24/06/2013,95.07
25/06/2013,95.25
26/06/2013,95.47
27/06/2013,97
28/06/2013,96.36
01/07/2013,97.94
02/07/2013,99.65
03/07/2013,101.92
05/07/2013,103.09
08/07/2013,103.03
09/07/2013,103.46
10/07/2013,106.41
11/07/2013,104.77
12/07/2013,105.85
15/07/2013,106.2
16/07/2013,105.88
17/07/2013,106.39
18/07/2013,107.94
19/07/2013,108
22/07/2013,106.61
23/07/2013,107.13
24/07/2013,105.41
25/07/2013,105.47
26/07/2013,104.76
29/07/2013,104.61
30/07/2013,103.14
31/07/2013,105.1
01/08/2013,107.93
02/08/2013,106.94
05/08/2013,106.61
06/08/2013,105.32
07/08/2013,104.41
08/08/2013,103.45
09/08/2013,106.04
12/08/2013,106.19
13/08/2013,106.78
14/08/2013,106.89
15/08/2013,107.43
16/08/2013,107.58
19/08/2013,107.14
20/08/2013,104.9
21/08/2013,103.93
22/08/2013,104.93
23/08/2013,106.48
26/08/2013,105.88
27/08/2013,109.11
28/08/2013,110.17
29/08/2013,108.51
30/08/2013,107.98
03/09/2013,108.67
04/09/2013,107.29
05/09/2013,108.5
06/09/2013,110.62
09/09/2013,109.62
10/09/2013,107.48
11/09/2013,107.65
12/09/2013,108.72
13/09/2013,108.31
16/09/2013,106.54
17/09/2013,105.36
18/09/2013,108.23
19/09/2013,106.26
20/09/2013,104.7
23/09/2013,103.62
24/09/2013,103.22
25/09/2013,102.68
26/09/2013,103.1
27/09/2013,102.86
30/09/2013,102.36
01/10/2013,102.09
02/10/2013,104.15
03/10/2013,103.29
04/10/2013,103.83
07/10/2013,103.07
08/10/2013,103.54
09/10/2013,101.63
10/10/2013,103.08
11/10/2013,102.17
14/10/2013,102.46
15/10/2013,101.15
16/10/2013,102.34
17/10/2013,100.72
18/10/2013,100.87
21/10/2013,99.28
22/10/2013,97.63
23/10/2013,96.9
24/10/2013,96.65
25/10/2013,97.4
28/10/2013,98.74
29/10/2013,98.29
30/10/2013,96.81
31/10/2013,96.29
01/11/2013,94.56
04/11/2013,94.58
05/11/2013,93.4
06/11/2013,94.74
07/11/2013,94.25
08/11/2013,94.56
11/11/2013,95.13
12/11/2013,93.12
13/11/2013,93.91
14/11/2013,93.76
15/11/2013,93.8
18/11/2013,93.03
19/11/2013,93.35
20/11/2013,93.34
21/11/2013,95.35
22/11/2013,94.53
25/11/2013,93.86
26/11/2013,93.41
27/11/2013,92.05
29/11/2013,92.55
02/12/2013,93.61
03/12/2013,95.83
04/12/2013,96.97
05/12/2013,97.14
06/12/2013,97.48
09/12/2013,97.1
10/12/2013,98.32
11/12/2013,97.25
12/12/2013,97.21
13/12/2013,96.27
16/12/2013,97.18
17/12/2013,96.99
18/12/2013,97.59
19/12/2013,98.4
20/12/2013,99.11
23/12/2013,98.62
24/12/2013,98.87
26/12/2013,99.18
27/12/2013,99.94
30/12/2013,98.9
31/12/2013,98.17
02/01/2014,95.14
03/01/2014,93.66
06/01/2014,93.12
07/01/2014,93.31
08/01/2014,91.9
09/01/2014,91.36
10/01/2014,92.39
13/01/2014,91.45
14/01/2014,92.15
15/01/2014,93.78
16/01/2014,93.54
17/01/2014,93.96
21/01/2014,94.51
22/01/2014,96.35
23/01/2014,97.23
24/01/2014,96.66
27/01/2014,95.82
28/01/2014,97.49
29/01/2014,97.34
30/01/2014,98.25
31/01/2014,97.55
03/02/2014,96.44
04/02/2014,97.24
05/02/2014,97.4
06/02/2014,97.84
07/02/2014,99.98
10/02/2014,100.12
11/02/2014,99.96
12/02/2014,100.38
13/02/2014,100.27
14/02/2014,100.31
18/02/2014,102.54
19/02/2014,103.46
20/02/2014,103.2
21/02/2014,102.53
24/02/2014,103.17
25/02/2014,102.2
26/02/2014,102.93
27/02/2014,102.68
28/02/2014,102.88
03/03/2014,105.34
04/03/2014,103.64
05/03/2014,101.75
06/03/2014,101.82
07/03/2014,102.82
10/03/2014,101.39
11/03/2014,100.29
12/03/2014,98.29
13/03/2014,98.57
14/03/2014,99.23
17/03/2014,98.43
18/03/2014,100.08
19/03/2014,100.71
20/03/2014,99.68
21/03/2014,99.97
24/03/2014,100.05
25/03/2014,99.66
26/03/2014,100.61
27/03/2014,101.25
28/03/2014,101.73
31/03/2014,101.57
01/04/2014,99.69
02/04/2014,99.6
03/04/2014,100.29
04/04/2014,101.16
07/04/2014,100.43
08/04/2014,102.57
09/04/2014,103.55
10/04/2014,103.37
11/04/2014,103.68
14/04/2014,104.05
15/04/2014,103.7
16/04/2014,103.71
17/04/2014,104.33
21/04/2014,104.35
22/04/2014,101.69
23/04/2014,101.47
24/04/2014,102.2
25/04/2014,100.85
28/04/2014,101.13
29/04/2014,101.56
30/04/2014,100.07
01/05/2014,99.69
02/05/2014,100.09
05/05/2014,99.74
06/05/2014,99.81
07/05/2014,101.06
08/05/2014,100.52
09/05/2014,100.32
12/05/2014,100.89
13/05/2014,102.01
14/05/2014,102.63
15/05/2014,101.74
16/05/2014,102.31
19/05/2014,102.95
20/05/2014,102.8
21/05/2014,104.31
22/05/2014,104.03
23/05/2014,105.01
27/05/2014,104.78
28/05/2014,103.37
29/05/2014,104.26
30/05/2014,103.4
02/06/2014,103.07
03/06/2014,103.34
04/06/2014,103.27
05/06/2014,103.17
06/06/2014,103.32
09/06/2014,105.09
10/06/2014,105.02
11/06/2014,105.04
12/06/2014,107.2
13/06/2014,107.49
16/06/2014,107.52
17/06/2014,106.95
18/06/2014,106.64
19/06/2014,107.08
20/06/2014,107.95
23/06/2014,106.83
24/06/2014,106.64
25/06/2014,107.04
26/06/2014,106.49
27/06/2014,106.46
30/06/2014,106.07
01/07/2014,106.06
02/07/2014,105.18
03/07/2014,104.76
07/07/2014,104.19
08/07/2014,104.06
09/07/2014,102.93
10/07/2014,103.61
11/07/2014,101.48
14/07/2014,101.73
15/07/2014,100.56
16/07/2014,101.88
17/07/2014,103.84
18/07/2014,103.83
21/07/2014,105.34
22/07/2014,104.59
23/07/2014,103.81
24/07/2014,102.76
25/07/2014,105.23
28/07/2014,105.68
29/07/2014,104.91
30/07/2014,104.29
31/07/2014,98.23
01/08/2014,97.86
04/08/2014,98.26
05/08/2014,97.34
06/08/2014,96.93
07/08/2014,97.34
08/08/2014,97.61
11/08/2014,98.09
12/08/2014,97.36
13/08/2014,97.57
14/08/2014,95.54
15/08/2014,97.3
18/08/2014,96.44
19/08/2014,94.35
20/08/2014,96.4
21/08/2014,93.97
22/08/2014,93.61
25/08/2014,95.39
26/08/2014,95.78
27/08/2014,95.82
28/08/2014,96.44
29/08/2014,97.86
02/09/2014,92.92
03/09/2014,95.5
04/09/2014,94.51
05/09/2014,93.32
08/09/2014,92.64
09/09/2014,92.73
10/09/2014,91.71
11/09/2014,92.89
12/09/2014,92.18
15/09/2014,92.86
16/09/2014,94.91
17/09/2014,94.33
18/09/2014,93.07
19/09/2014,92.43
22/09/2014,91.46
23/09/2014,91.55
24/09/2014,93.6
25/09/2014,93.59
26/09/2014,95.55
29/09/2014,94.53
30/09/2014,91.17
01/10/2014,90.74
02/10/2014,91.02
03/10/2014,89.76
06/10/2014,90.33
07/10/2014,88.89
08/10/2014,87.29
09/10/2014,85.76
10/10/2014,85.87
13/10/2014,85.73
14/10/2014,81.72
15/10/2014,81.82
16/10/2014,82.33
17/10/2014,82.8
20/10/2014,82.76
21/10/2014,83.25
22/10/2014,80.52
23/10/2014,82.81
24/10/2014,81.27
27/10/2014,81.26
28/10/2014,81.36
29/10/2014,82.25
30/10/2014,81.06
31/10/2014,80.53
03/11/2014,78.77
04/11/2014,77.15
05/11/2014,78.71
06/11/2014,77.87
07/11/2014,78.71
10/11/2014,77.43
11/11/2014,77.85
12/11/2014,77.16
13/11/2014,74.13
14/11/2014,75.91
17/11/2014,75.64
18/11/2014,74.55
19/11/2014,74.55
20/11/2014,75.63
21/11/2014,76.52
24/11/2014,75.74
25/11/2014,74.04
26/11/2014,73.7
28/11/2014,65.94
01/12/2014,68.98
02/12/2014,66.99
03/12/2014,67.3
04/12/2014,66.73
05/12/2014,65.89
08/12/2014,63.13
09/12/2014,63.74
10/12/2014,60.99
11/12/2014,60.01
12/12/2014,57.81
15/12/2014,55.96
16/12/2014,55.97
17/12/2014,56.43
18/12/2014,54.18
19/12/2014,56.91
22/12/2014,55.25
23/12/2014,56.78
24/12/2014,55.7
26/12/2014,54.59
29/12/2014,53.46
30/12/2014,54.14
31/12/2014,53.45
02/01/2015,52.72
05/01/2015,50.05
06/01/2015,47.98
07/01/2015,48.69
08/01/2015,48.8
09/01/2015,48.35
12/01/2015,46.06
13/01/2015,45.92
14/01/2015,48.49
15/01/2015,46.37
16/01/2015,48.49
20/01/2015,46.79
21/01/2015,47.85
22/01/2015,45.93
23/01/2015,45.26
26/01/2015,44.8
27/01/2015,45.84
28/01/2015,44.08
29/01/2015,44.12
30/01/2015,47.79
02/02/2015,49.25
03/02/2015,53.04
04/02/2015,48.45
05/02/2015,50.48
06/02/2015,51.66
09/02/2015,52.99
10/02/2015,50.06
11/02/2015,48.8
12/02/2015,51.17
13/02/2015,52.66
17/02/2015,53.56
18/02/2015,52.13
19/02/2015,51.12
20/02/2015,49.95
23/02/2015,49.56
24/02/2015,48.48
25/02/2015,50.25
26/02/2015,47.65
27/02/2015,49.84
02/03/2015,49.59
03/03/2015,50.43
04/03/2015,51.53
05/03/2015,50.76
06/03/2015,49.61
09/03/2015,49.95
10/03/2015,48.42
11/03/2015,48.06
12/03/2015,47.12
13/03/2015,44.88
16/03/2015,43.93
17/03/2015,43.39
18/03/2015,44.63
19/03/2015,44.02
20/03/2015,46
23/03/2015,47.4
24/03/2015,47.03
25/03/2015,48.75
26/03/2015,51.41
27/03/2015,48.83
30/03/2015,48.66
31/03/2015,47.72
01/04/2015,50.12
02/04/2015,49.13
06/04/2015,52.08
07/04/2015,53.95
08/04/2015,50.44
09/04/2015,50.79
10/04/2015,51.63
13/04/2015,51.95
14/04/2015,53.3
15/04/2015,56.25
16/04/2015,56.69
17/04/2015,55.71
20/04/2015,56.37
21/04/2015,55.58
22/04/2015,56.17
23/04/2015,56.59
24/04/2015,55.98
27/04/2015,55.56
28/04/2015,57.05
29/04/2015,58.55
30/04/2015,59.62
01/05/2015,59.1
04/05/2015,58.92
05/05/2015,60.38
06/05/2015,60.93
07/05/2015,58.99
08/05/2015,59.41
11/05/2015,59.23
12/05/2015,60.72
13/05/2015,60.5
14/05/2015,59.89
15/05/2015,59.73
18/05/2015,59.44
19/05/2015,57.3
20/05/2015,58.96
21/05/2015,60.18
22/05/2015,58.88
26/05/2015,57.29
27/05/2015,57.51
28/05/2015,57.69
29/05/2015,60.25
01/06/2015,60.24
02/06/2015,61.3
03/06/2015,59.67
04/06/2015,58
05/06/2015,59.11
08/06/2015,58.15
09/06/2015,60.15
10/06/2015,61.36
11/06/2015,60.74
12/06/2015,59.96
15/06/2015,59.53
16/06/2015,60.01
17/06/2015,59.89
18/06/2015,60.41
19/06/2015,59.62
22/06/2015,60.01
23/06/2015,61.05
24/06/2015,60.01
25/06/2015,59.59
26/06/2015,59.41
29/06/2015,58.34
30/06/2015,59.48
01/07/2015,56.94
02/07/2015,56.93
06/07/2015,52.48
07/07/2015,52.33
08/07/2015,51.61
09/07/2015,52.76
10/07/2015,52.74
13/07/2015,52.19
14/07/2015,53.05
15/07/2015,51.4
16/07/2015,50.9
17/07/2015,50.88
20/07/2015,50.11
21/07/2015,50.59
22/07/2015,49.27
23/07/2015,48.11
24/07/2015,47.98
27/07/2015,47.17
28/07/2015,47.97
29/07/2015,48.77
30/07/2015,48.53
31/07/2015,47.11
03/08/2015,45.25
04/08/2015,45.75
05/08/2015,45.13
06/08/2015,44.69
07/08/2015,43.87
10/08/2015,44.94
11/08/2015,43.11
12/08/2015,43.22
13/08/2015,42.27
14/08/2015,42.45
17/08/2015,41.93
18/08/2015,42.58
19/08/2015,40.75
20/08/2015,41
21/08/2015,40.45
24/08/2015,38.22
25/08/2015,39.15
26/08/2015,38.5
27/08/2015,42.47
28/08/2015,45.29
31/08/2015,49.2
01/09/2015,45.38
02/09/2015,46.3
03/09/2015,46.75
04/09/2015,46.02
08/09/2015,45.92
09/09/2015,44.13
10/09/2015,45.85
11/09/2015,44.75
14/09/2015,44.07
15/09/2015,44.58
16/09/2015,47.12
17/09/2015,46.93
18/09/2015,44.71
21/09/2015,46.67
22/09/2015,46.17
23/09/2015,44.53
24/09/2015,44.94
25/09/2015,45.55
28/09/2015,44.4
29/09/2015,45.24
30/09/2015,45.06
01/10/2015,44.75
02/10/2015,45.54
05/10/2015,46.28
06/10/2015,48.53
07/10/2015,47.86
08/10/2015,49.46
09/10/2015,49.67
12/10/2015,47.09
13/10/2015,46.7
14/10/2015,46.63
15/10/2015,46.38
16/10/2015,47.3
19/10/2015,45.91
20/10/2015,45.84
21/10/2015,45.22
22/10/2015,44.9
23/10/2015,43.91
26/10/2015,43.19
27/10/2015,43.21
28/10/2015,45.93
29/10/2015,46.02
30/10/2015,46.6
02/11/2015,46.12
03/11/2015,47.88
04/11/2015,46.32
05/11/2015,45.27
06/11/2015,44.32
09/11/2015,43.87
10/11/2015,44.23
11/11/2015,42.95
12/11/2015,41.74
13/11/2015,40.69
16/11/2015,41.68
17/11/2015,40.73
18/11/2015,40.75
19/11/2015,40.55
20/11/2015,39.39
23/11/2015,39.27
24/11/2015,40.89
25/11/2015,41.22
27/11/2015,40.57
30/11/2015,40.43
01/12/2015,40.58
02/12/2015,39.93
03/12/2015,41.08
04/12/2015,40
07/12/2015,37.64
08/12/2015,37.46
09/12/2015,37.16
10/12/2015,36.76
11/12/2015,35.65
14/12/2015,36.31
15/12/2015,37.32
16/12/2015,35.55
17/12/2015,34.98
18/12/2015,34.72
21/12/2015,34.55
22/12/2015,36.12
23/12/2015,36.76
24/12/2015,37.62
28/12/2015,36.36
29/12/2015,37.88
30/12/2015,36.59
31/12/2015,37.13
04/01/2016,36.81
05/01/2016,35.97
06/01/2016,33.97
07/01/2016,33.29
08/01/2016,33.2
11/01/2016,31.42
12/01/2016,30.42
13/01/2016,30.42
14/01/2016,31.22
15/01/2016,29.45
19/01/2016,28.47
20/01/2016,26.68
21/01/2016,29.55
22/01/2016,32.07
25/01/2016,30.31
26/01/2016,29.54
27/01/2016,32.32
28/01/2016,33.21
29/01/2016,33.66
01/02/2016,31.62
02/02/2016,29.9
03/02/2016,32.29
04/02/2016,31.63
05/02/2016,30.86
08/02/2016,29.71
09/02/2016,27.96
10/02/2016,27.54
11/02/2016,26.19
12/02/2016,29.32
16/02/2016,29.05
17/02/2016,30.68
18/02/2016,30.77
19/02/2016,29.59
22/02/2016,31.37
23/02/2016,31.84
24/02/2016,30.35
25/02/2016,31.4
26/02/2016,31.65
29/02/2016,32.74
01/03/2016,34.39
02/03/2016,34.57
03/03/2016,34.56
04/03/2016,35.91
07/03/2016,37.9
08/03/2016,36.67
09/03/2016,37.62
10/03/2016,37.77
11/03/2016,38.51
14/03/2016,37.2
15/03/2016,36.32
16/03/2016,38.43
17/03/2016,40.17
18/03/2016,39.47
21/03/2016,39.91
22/03/2016,41.45
23/03/2016,38.28
24/03/2016,38.14
28/03/2016,37.99
29/03/2016,36.91
30/03/2016,36.91
31/03/2016,36.94
01/04/2016,35.36
04/04/2016,34.3
05/04/2016,34.52
06/04/2016,37.74
07/04/2016,37.3
08/04/2016,39.74
11/04/2016,40.46
12/04/2016,42.12
13/04/2016,41.7
14/04/2016,41.45
15/04/2016,40.4
18/04/2016,39.74
19/04/2016,40.88
20/04/2016,42.72
21/04/2016,43.18
22/04/2016,42.76
25/04/2016,41.67
26/04/2016,42.52
27/04/2016,45.29
28/04/2016,46.03
29/04/2016,45.98
02/05/2016,44.75
03/05/2016,43.65
04/05/2016,43.77
05/05/2016,44.33
06/05/2016,44.58
09/05/2016,43.45
10/05/2016,44.68
11/05/2016,46.21
12/05/2016,46.64
13/05/2016,46.22
16/05/2016,47.72
17/05/2016,48.29
18/05/2016,48.12
19/05/2016,48.16
20/05/2016,47.67
23/05/2016,48.12
24/05/2016,48.04
25/05/2016,49.1
26/05/2016,49
27/05/2016,49.36
31/05/2016,49.1
01/06/2016,49.07
02/06/2016,49.14
03/06/2016,48.69
06/06/2016,49.71
07/06/2016,50.37
08/06/2016,51.23
09/06/2016,50.52
10/06/2016,49.09
13/06/2016,48.89
14/06/2016,48.49
15/06/2016,47.92
16/06/2016,46.14
17/06/2016,48
20/06/2016,49.4
21/06/2016,48.95
22/06/2016,49.16
23/06/2016,49.34
24/06/2016,46.7
27/06/2016,45.8
28/06/2016,47.93
29/06/2016,49.85
30/06/2016,48.27
01/07/2016,49.02
05/07/2016,46.73
06/07/2016,47.37
07/07/2016,45.22
08/07/2016,45.37
11/07/2016,44.73
12/07/2016,46.82
13/07/2016,44.87
14/07/2016,45.64
15/07/2016,45.93
18/07/2016,45.23
19/07/2016,44.64
20/07/2016,44.96
21/07/2016,43.96
22/07/2016,43.41
25/07/2016,42.4
26/07/2016,42.16
27/07/2016,41.9
28/07/2016,41.13
29/07/2016,41.54
01/08/2016,40.05
02/08/2016,39.5
03/08/2016,40.8
04/08/2016,41.92
05/08/2016,41.83
08/08/2016,43.06
09/08/2016,42.78
10/08/2016,41.75
11/08/2016,43.51
12/08/2016,44.47
15/08/2016,45.72
16/08/2016,46.57
17/08/2016,46.81
18/08/2016,48.2
19/08/2016,48.48
22/08/2016,46.8
23/08/2016,47.54
24/08/2016,46.29
25/08/2016,46.97
26/08/2016,47.64
29/08/2016,46.97
30/08/2016,46.32
31/08/2016,44.68
01/09/2016,43.17
02/09/2016,44.39
06/09/2016,44.85
07/09/2016,45.47
08/09/2016,47.63
09/09/2016,45.88
12/09/2016,46.28
13/09/2016,44.91
14/09/2016,43.62
15/09/2016,43.85
16/09/2016,43.04
19/09/2016,43.34
20/09/2016,43.85
21/09/2016,45.33
22/09/2016,46.1
23/09/2016,44.36
26/09/2016,45.6
27/09/2016,44.65
28/09/2016,47.07
29/09/2016,47.72
30/09/2016,47.72
03/10/2016,48.8
04/10/2016,48.67
05/10/2016,49.75
06/10/2016,50.44
07/10/2016,49.76
10/10/2016,49.76
11/10/2016,50.72
12/10/2016,50.14
13/10/2016,50.47
14/10/2016,50.35
17/10/2016,49.97
18/10/2016,50.3
19/10/2016,51.59
20/10/2016,50.31
21/10/2016,50.61
24/10/2016,50.18
25/10/2016,49.45
26/10/2016,48.75
27/10/2016,49.71
28/10/2016,48.72
31/10/2016,46.83
01/11/2016,46.66
02/11/2016,45.32
03/11/2016,44.66
04/11/2016,44.07
07/11/2016,44.88
08/11/2016,44.96
09/11/2016,45.2
10/11/2016,44.62
11/11/2016,43.39
14/11/2016,43.29
15/11/2016,45.86
16/11/2016,45.56
17/11/2016,45.37
18/11/2016,45.69
21/11/2016,47.48
22/11/2016,48.07
23/11/2016,46.72
25/11/2016,46.72
28/11/2016,45.66
29/11/2016,45.29
30/11/2016,49.41
01/12/2016,51.08
02/12/2016,51.7
05/12/2016,51.72
06/12/2016,50.95
07/12/2016,49.85
08/12/2016,50.84
09/12/2016,51.51
12/12/2016,52.74
13/12/2016,52.99
14/12/2016,51.01
15/12/2016,50.9
16/12/2016,51.93
19/12/2016,52.13
20/12/2016,52.22
21/12/2016,51.44
22/12/2016,51.98
23/12/2016,52.01
27/12/2016,52.82
28/12/2016,54.01
29/12/2016,53.8
30/12/2016,53.75
03/01/2017,52.36
04/01/2017,53.26
05/01/2017,53.77
06/01/2017,53.98
09/01/2017,51.95
10/01/2017,50.82
11/01/2017,52.19
12/01/2017,53.01
13/01/2017,52.36
17/01/2017,52.45
18/01/2017,51.12
19/01/2017,51.39
20/01/2017,52.33
23/01/2017,52.77
24/01/2017,52.38
25/01/2017,52.14
26/01/2017,53.24
27/01/2017,53.18
30/01/2017,52.63
31/01/2017,52.75
01/02/2017,53.9
02/02/2017,53.55
03/02/2017,53.81
06/02/2017,53.01
07/02/2017,52.19
08/02/2017,52.37
09/02/2017,52.99
10/02/2017,53.84
13/02/2017,52.96
14/02/2017,53.21
15/02/2017,53.11
16/02/2017,53.41
17/02/2017,53.41
21/02/2017,54.02
22/02/2017,53.61
23/02/2017,54.48
24/02/2017,53.99
27/02/2017,54.04
28/02/2017,54
01/03/2017,53.82
02/03/2017,52.63
03/03/2017,53.33
06/03/2017,53.19
07/03/2017,52.68
08/03/2017,49.83
09/03/2017,48.75
10/03/2017,48.05
13/03/2017,47.95
14/03/2017,47.24
15/03/2017,48.34
16/03/2017,48.3
17/03/2017,48.34
20/03/2017,47.79
21/03/2017,47.02
22/03/2017,47.29
23/03/2017,47
24/03/2017,47.3
27/03/2017,47.02
28/03/2017,48.36
29/03/2017,49.47
30/03/2017,50.3
31/03/2017,50.54
03/04/2017,50.25
04/04/2017,50.99
05/04/2017,51.14
06/04/2017,51.69
07/04/2017,52.25
10/04/2017,53.06
11/04/2017,53.38
12/04/2017,53.12
13/04/2017,53.19
17/04/2017,52.62
18/04/2017,52.46
19/04/2017,50.49
20/04/2017,50.26
21/04/2017,49.64
24/04/2017,48.9
25/04/2017,49.22
26/04/2017,49.22
27/04/2017,48.96
28/04/2017,49.31
01/05/2017,48.83
02/05/2017,47.65
03/05/2017,47.79
04/05/2017,45.55
05/05/2017,46.23
08/05/2017,46.46
09/05/2017,45.84
10/05/2017,47.28
11/05/2017,47.81
12/05/2017,47.83
15/05/2017,48.86
16/05/2017,48.64
17/05/2017,49.04
18/05/2017,49.36
19/05/2017,50.32
22/05/2017,50.81
23/05/2017,51.12
24/05/2017,50.99
25/05/2017,48.57
26/05/2017,49.58
30/05/2017,49.63
31/05/2017,48.29
01/06/2017,48.32
02/06/2017,47.68
05/06/2017,47.4
06/06/2017,48.13
07/06/2017,45.8
08/06/2017,45.68
09/06/2017,45.82
12/06/2017,46.1
13/06/2017,46.41
14/06/2017,44.79
15/06/2017,44.47
16/06/2017,44.73
19/06/2017,44.24
20/06/2017,43.34
21/06/2017,42.48
22/06/2017,42.53
23/06/2017,42.86
26/06/2017,43.24
27/06/2017,44.25
28/06/2017,44.74
29/06/2017,44.88
30/06/2017,46.02
05/07/2017,45.11
06/07/2017,45.52
07/07/2017,44.25
10/07/2017,44.4
11/07/2017,45.06
12/07/2017,45.48
13/07/2017,46.06
14/07/2017,46.53
17/07/2017,46.02
18/07/2017,46.4
19/07/2017,47.1
20/07/2017,46.73
21/07/2017,45.78
24/07/2017,46.21
25/07/2017,47.77
26/07/2017,48.58
27/07/2017,49.05
28/07/2017,49.72
31/07/2017,50.21
01/08/2017,49.19
02/08/2017,49.6
03/08/2017,49.03
04/08/2017,49.57
07/08/2017,49.37
08/08/2017,49.07
09/08/2017,49.59
10/08/2017,48.54
11/08/2017,48.81
14/08/2017,47.59
15/08/2017,47.57
16/08/2017,46.8
17/08/2017,47.07
18/08/2017,48.59
21/08/2017,47.39
22/08/2017,47.65
23/08/2017,48.45
24/08/2017,47.24
25/08/2017,47.65
28/08/2017,46.4
29/08/2017,46.46
30/08/2017,45.96
31/08/2017,47.26
01/09/2017,47.32
05/09/2017,48.63
06/09/2017,49.13
07/09/2017,49.1
08/09/2017,47.44
11/09/2017,48.06
12/09/2017,48.21
13/09/2017,49.3
14/09/2017,49.86
15/09/2017,49.9
18/09/2017,49.88
19/09/2017,49.54
20/09/2017,50.29
21/09/2017,50.58
22/09/2017,50.33
25/09/2017,51.85
26/09/2017,51.59
27/09/2017,52.14
28/09/2017,51.62
29/09/2017,51.67
02/10/2017,50.59
03/10/2017,50.44
04/10/2017,50
05/10/2017,50.79
06/10/2017,49.34
09/10/2017,49.58
10/10/2017,50.93
11/10/2017,51.3
12/10/2017,50.61
13/10/2017,51.43
16/10/2017,51.86
17/10/2017,51.87
18/10/2017,52.05
19/10/2017,51.29
20/10/2017,51.63
23/10/2017,51.91
24/10/2017,52.32
25/10/2017,51.97
26/10/2017,52.41
27/10/2017,53.92
30/10/2017,54.11
31/10/2017,54.36
01/11/2017,54.32
02/11/2017,54.55
03/11/2017,55.63
06/11/2017,57.34
07/11/2017,57.19
08/11/2017,56.82
09/11/2017,57.16
10/11/2017,56.75
13/11/2017,56.77
14/11/2017,55.67
15/11/2017,55.28
16/11/2017,55.14
17/11/2017,56.21
20/11/2017,56.21
21/11/2017,56.84
22/11/2017,57.88
24/11/2017,58.94
27/11/2017,58.1
28/11/2017,57.96
29/11/2017,57.25
30/11/2017,57.4
01/12/2017,58.35
04/12/2017,57.48
05/12/2017,57.66
06/12/2017,55.79
07/12/2017,56.5
08/12/2017,57.15
11/12/2017,57.84
12/12/2017,57.12
13/12/2017,56.59
14/12/2017,57
15/12/2017,57.29
18/12/2017,57.17
19/12/2017,57.49
20/12/2017,58.09
21/12/2017,58.34
22/12/2017,58.25
26/12/2017,59.55
27/12/2017,59.67
28/12/2017,59.84
29/12/2017,60.46
02/01/2018,60.37
03/01/2018,61.61
04/01/2018,61.98
05/01/2018,61.49
08/01/2018,61.73
09/01/2018,62.92
10/01/2018,63.6
11/01/2018,63.81
12/01/2018,64.22
16/01/2018,63.82
17/01/2018,63.92
18/01/2018,63.96
19/01/2018,63.38
22/01/2018,63.66
23/01/2018,64.45
24/01/2018,65.69
25/01/2018,65.62
26/01/2018,66.27
29/01/2018,65.71
30/01/2018,64.64
31/01/2018,64.82
01/02/2018,65.92
02/02/2018,65.5
05/02/2018,64.18
06/02/2018,63.48
07/02/2018,61.91
08/02/2018,61.3
09/02/2018,59.2
12/02/2018,59.41
13/02/2018,59.33
14/02/2018,60.7
15/02/2018,61.48
16/02/2018,61.89
20/02/2018,61.91
21/02/2018,61.73
22/02/2018,62.72
23/02/2018,63.52
26/02/2018,63.81
27/02/2018,62.94
28/02/2018,61.43
01/03/2018,60.98
02/03/2018,61.19
05/03/2018,62.49
06/03/2018,62.54
07/03/2018,61.09
08/03/2018,60.13
09/03/2018,62.02
12/03/2018,61.35
13/03/2018,60.69
14/03/2018,60.89
15/03/2018,61.16
16/03/2018,62.29
19/03/2018,62.01
20/03/2018,63.37
21/03/2018,65.1
22/03/2018,64.25
23/03/2018,65.8
26/03/2018,65.49
27/03/2018,65.21
28/03/2018,64.3
29/03/2018,64.87
02/04/2018,63.05
03/04/2018,63.41
04/04/2018,63.35
05/04/2018,63.53
06/04/2018,62.03
09/04/2018,63.4
10/04/2018,65.48
11/04/2018,66.81
12/04/2018,67.07
13/04/2018,67.35
16/04/2018,66.23
17/04/2018,66.5
18/04/2018,68.44
19/04/2018,68.3
20/04/2018,68.26
23/04/2018,67.61
24/04/2018,67.66
25/04/2018,68
26/04/2018,68.18
27/04/2018,68.11
30/04/2018,68.56
01/05/2018,67.28
02/05/2018,67.91
03/05/2018,68.45
04/05/2018,69.71
07/05/2018,70.74
08/05/2018,68.83
09/05/2018,71.16
10/05/2018,71.36
11/05/2018,70.69
14/05/2018,71.01
15/05/2018,71.34
16/05/2018,71.43
17/05/2018,71.47
18/05/2018,71.23
21/05/2018,72.26
22/05/2018,72.09
23/05/2018,71.85
24/05/2018,70.77
25/05/2018,67.92
29/05/2018,66.8
30/05/2018,68.24
31/05/2018,66.98
01/06/2018,65.81
04/06/2018,64.76
05/06/2018,65.51
06/06/2018,64.75
07/06/2018,65.96
08/06/2018,65.77
11/06/2018,66.1
12/06/2018,66.38
13/06/2018,66.63
14/06/2018,66.91
15/06/2018,65.01
18/06/2018,65.91
19/06/2018,65.09
20/06/2018,65.92
21/06/2018,65.68
22/06/2018,69.02
25/06/2018,69.91
26/06/2018,75.23
27/06/2018,77.41
28/06/2018,73.45
29/06/2018,74.13
02/07/2018,73.89
03/07/2018,74.19
05/07/2018,73.05
06/07/2018,73.78
09/07/2018,73.93
10/07/2018,74.11
11/07/2018,70.47
12/07/2018,70.28
13/07/2018,71.03
16/07/2018,68.22
17/07/2018,68.03
18/07/2018,68.78
19/07/2018,69.42
20/07/2018,70.31
23/07/2018,67.9
24/07/2018,70.77
25/07/2018,71.13
26/07/2018,71.59
27/07/2018,68.66
30/07/2018,71.19
31/07/2018,69.88
01/08/2018,68.8
02/08/2018,68.95
03/08/2018,68.49
06/08/2018,69.01
07/08/2018,69.17
08/08/2018,66.92
09/08/2018,66.81
10/08/2018,67.61
13/08/2018,67.25
14/08/2018,67.04
15/08/2018,65.07
16/08/2018,65.44
17/08/2018,65.93
20/08/2018,66.5
21/08/2018,67.32
22/08/2018,67.85
23/08/2018,69.13
24/08/2018,69.71
27/08/2018,69.97
28/08/2018,68.54
29/08/2018,69.68
30/08/2018,70.25
31/08/2018,69.84
04/09/2018,69.82
05/09/2018,68.69
06/09/2018,67.81
07/09/2018,67.73
10/09/2018,67.55
11/09/2018,69.29
12/09/2018,70.37
13/09/2018,68.6
14/09/2018,68.98
17/09/2018,68.86
18/09/2018,69.87
19/09/2018,71.08
20/09/2018,70.77
21/09/2018,70.8
24/09/2018,73.23
25/09/2018,73.4
26/09/2018,72.22
27/09/2018,72.18
28/09/2018,73.16
01/10/2018,75.37
02/10/2018,75.16
03/10/2018,76.4
04/10/2018,74.44
05/10/2018,74.26
08/10/2018,74.27
09/10/2018,74.95
10/10/2018,73.18
11/10/2018,70.97
12/10/2018,71.41
15/10/2018,71.84
16/10/2018,71.93
17/10/2018,69.63
18/10/2018,68.63
19/10/2018,69.16
22/10/2018,69.25
23/10/2018,66.49
24/10/2018,66.56
25/10/2018,67.25
26/10/2018,67.58
29/10/2018,67
30/10/2018,66.18
31/10/2018,65.31
01/11/2018,63.67
02/11/2018,63.12
05/11/2018,63.12
06/11/2018,62.16
07/11/2018,61.69
08/11/2018,60.71
09/11/2018,60.19
12/11/2018,59.85
13/11/2018,55.63
14/11/2018,56.16
15/11/2018,56.45
16/11/2018,56.49
19/11/2018,57.16
20/11/2018,53.39
21/11/2018,54.41
26/11/2018,51.46
27/11/2018,51.31
28/11/2018,50.06
29/11/2018,51.46
30/11/2018,50.78
03/12/2018,52.98
04/12/2018,53.21
05/12/2018,52.64
06/12/2018,51.54
07/12/2018,52.76
10/12/2018,51.07
11/12/2018,51.65
12/12/2018,51.04
13/12/2018,52.69
14/12/2018,51.26
17/12/2018,49.8
18/12/2018,46.12
19/12/2018,47.96
20/12/2018,45.64
21/12/2018,45.38
26/12/2018,46.04
27/12/2018,44.48
28/12/2018,45.15
02/01/2019,46.31
03/01/2019,46.92
04/01/2019,47.76
07/01/2019,48.27
08/01/2019,49.58
09/01/2019,52.19
10/01/2019,52.42
11/01/2019,51.44
14/01/2019,50.31
15/01/2019,51.8
16/01/2019,52.08
17/01/2019,51.83
18/01/2019,53.6
22/01/2019,52.59
23/01/2019,52.44
24/01/2019,52.94
25/01/2019,53.53
28/01/2019,51.79
29/01/2019,53.07
30/01/2019,54.18
31/01/2019,53.84
01/02/2019,55.29
04/02/2019,54.57
05/02/2019,53.69
06/02/2019,53.94
07/02/2019,52.68
08/02/2019,52.75
11/02/2019,52.43
12/02/2019,53.14
13/02/2019,53.84
14/02/2019,54.4
15/02/2019,55.58
19/02/2019,56.12
20/02/2019,56.9
21/02/2019,56.95
22/02/2019,57.01
25/02/2019,55.32
26/02/2019,55.4
27/02/2019,56.92
28/02/2019,57.21
01/03/2019,55.76
04/03/2019,56.6
05/03/2019,56.55
06/03/2019,56.22
07/03/2019,56.6
08/03/2019,55.77
11/03/2019,56.79
12/03/2019,56.89
13/03/2019,58.27
14/03/2019,58.59
15/03/2019,58.51
18/03/2019,59.09
19/03/2019,59.12
20/03/2019,60.12
21/03/2019,59.98
22/03/2019,58.87
25/03/2019,58.71
26/03/2019,59.87
27/03/2019,59.39
28/03/2019,59.29
29/03/2019,60.19
01/04/2019,61.59
02/04/2019,62.53
03/04/2019,62.46
04/04/2019,62.12
05/04/2019,63.1
08/04/2019,64.37
09/04/2019,64.05
10/04/2019,64.62
11/04/2019,63.61
12/04/2019,63.86
15/04/2019,63.43
16/04/2019,64.01
17/04/2019,63.74
18/04/2019,64.02
22/04/2019,65.66
23/04/2019,66.24
24/04/2019,65.96
25/04/2019,65.23
26/04/2019,63.29
29/04/2019,63.39
30/04/2019,63.83
01/05/2019,63.55
02/05/2019,61.75
03/05/2019,61.98
06/05/2019,62.3
07/05/2019,61.41
08/05/2019,62.13
09/05/2019,61.58
10/05/2019,61.65
13/05/2019,60.97
14/05/2019,61.82
15/05/2019,62.03
16/05/2019,62.93
17/05/2019,62.77
20/05/2019,63.12
21/05/2019,63.02
22/05/2019,61.42
23/05/2019,57.65
24/05/2019,58.4
28/05/2019,58.91
29/05/2019,58.84
30/05/2019,56.47
31/05/2019,53.49
03/06/2019,53.25
04/06/2019,53.5
05/06/2019,51.57
06/06/2019,52.59
07/06/2019,53.95
10/06/2019,53.33
11/06/2019,53.3
12/06/2019,51.13
13/06/2019,52.38
14/06/2019,52.47
17/06/2019,51.94
18/06/2019,53.86
19/06/2019,53.74
20/06/2019,56.88
21/06/2019,57.35
24/06/2019,57.73
25/06/2019,57.63
26/06/2019,59.17
27/06/2019,59.18
28/06/2019,58.2
01/07/2019,58.91
02/07/2019,56
03/07/2019,57.06
08/07/2019,57.35
09/07/2019,57.57
10/07/2019,60.28
11/07/2019,59.93
12/07/2019,59.99
15/07/2019,59.3
16/07/2019,57.44
17/07/2019,56.5
18/07/2019,55.08
19/07/2019,55.42
22/07/2019,55.87
23/07/2019,56.58
24/07/2019,55.9
25/07/2019,55.88
26/07/2019,56.04
29/07/2019,56.85
30/07/2019,58.04
31/07/2019,58.53
01/08/2019,53.64
02/08/2019,55.67
05/08/2019,54.63
06/08/2019,53.6
07/08/2019,51.14
08/08/2019,52.6
09/08/2019,54.41
12/08/2019,54.98
13/08/2019,57.05
14/08/2019,55.16
15/08/2019,54.51
16/08/2019,54.83
19/08/2019,56.24
20/08/2019,56.18
21/08/2019,55.65
22/08/2019,55.33
23/08/2019,54.08
26/08/2019,53.54
27/08/2019,54.99
28/08/2019,55.76
29/08/2019,56.67
30/08/2019,55.07
03/09/2019,53.91
04/09/2019,56.22
05/09/2019,56.33
06/09/2019,56.45
09/09/2019,57.88
10/09/2019,57.37
11/09/2019,55.66
12/09/2019,55.13
13/09/2019,54.76
16/09/2019,63.1
17/09/2019,59.26
18/09/2019,58.19
19/09/2019,58.19
20/09/2019,57.92
23/09/2019,58.69
24/09/2019,57.22
25/09/2019,56.38
26/09/2019,56.24
27/09/2019,55.95
30/09/2019,54.09
01/10/2019,53.6
02/10/2019,52.67
03/10/2019,52.41
04/10/2019,52.84
07/10/2019,52.76
08/10/2019,52.64
09/10/2019,52.63
10/10/2019,53.57
11/10/2019,54.76
14/10/2019,53.57
15/10/2019,52.81
16/10/2019,53.42
17/10/2019,53.89
18/10/2019,53.75
21/10/2019,53.28
22/10/2019,54.21
23/10/2019,55.9
24/10/2019,56.11
25/10/2019,56.52
28/10/2019,55.6
29/10/2019,55.34
30/10/2019,54.85
31/10/2019,54.02
01/11/2019,56.04
04/11/2019,56.33
05/11/2019,57.04
06/11/2019,56.15
07/11/2019,56.91
08/11/2019,57.02
12/11/2019,56.67
13/11/2019,56.88
14/11/2019,56.57
15/11/2019,57.54
18/11/2019,56.82
19/11/2019,54.93
20/11/2019,56.71
21/11/2019,58.36
22/11/2019,57.68
25/11/2019,57.79
26/11/2019,58.25
27/11/2019,58.12
29/11/2019,58.12
02/12/2019,55.97
03/12/2019,56.15
04/12/2019,58.46
05/12/2019,58.42
06/12/2019,59.2
09/12/2019,58.99
10/12/2019,59.22
11/12/2019,58.74
12/12/2019,59.18
13/12/2019,60.11
16/12/2019,60.21
17/12/2019,60.88
18/12/2019,60.93
19/12/2019,61.3
20/12/2019,60.43
23/12/2019,60.51
24/12/2019,61.17
26/12/2019,61.72
27/12/2019,61.76
30/12/2019,61.66
31/12/2019,61.14
02/01/2020,61.17
03/01/2020,63
06/01/2020,63.27
07/01/2020,62.7
08/01/2020,59.65
09/01/2020,59.56
10/01/2020,59.02
13/01/2020,58.17
14/01/2020,58.34
15/01/2020,57.86
16/01/2020,58.52
17/01/2020,58.55
21/01/2020,58.25
22/01/2020,56.76
23/01/2020,55.51
24/01/2020,54.09
27/01/2020,53.09
28/01/2020,53.33
29/01/2020,53.29
30/01/2020,52.19
31/01/2020,51.58
03/02/2020,50.06
04/02/2020,49.59
05/02/2020,50.87
06/02/2020,50.94
07/02/2020,50.34
10/02/2020,49.59
11/02/2020,50
12/02/2020,51.13
13/02/2020,51.41
14/02/2020,52.03
18/02/2020,52.1
19/02/2020,53.31
20/02/2020,53.77
21/02/2020,53.36
24/02/2020,51.43
25/02/2020,49.9
26/02/2020,48.73
27/02/2020,47.09
28/02/2020,44.76
02/03/2020,46.75
03/03/2020,47.18
04/03/2020,46.78
05/03/2020,45.9
06/03/2020,41.28
09/03/2020,31.13
10/03/2020,34.36
11/03/2020,32.98
12/03/2020,31.5
13/03/2020,31.73
16/03/2020,28.7
17/03/2020,27.026
18/03/2020,20.554
19/03/2020,25.634
20/03/2020,22.59
23/03/2020,23.36
24/03/2020,24.01
25/03/2020,24.49
26/03/2020,22.6
27/03/2020,21.51
30/03/2020,20.09
31/03/2020,20.48
01/04/2020,20.31
02/04/2020,25.32
03/04/2020,28.34
06/04/2020,26.08
07/04/2020,23.63
08/04/2020,25.09
09/04/2020,22.76
13/04/2020,22.41
14/04/2020,20.11
15/04/2020,19.87
16/04/2020,21.002
17/04/2020,20.974
21/04/2020,11.258
22/04/2020,13.78
23/04/2020,16.5
24/04/2020,16.94
27/04/2020,12.78
28/04/2020,12.34
29/04/2020,15.06
30/04/2020,18.84
01/05/2020,19.78
04/05/2020,20.39
05/05/2020,24.56
06/05/2020,23.99
07/05/2020,23.55
08/05/2020,24.74
11/05/2020,24.14
12/05/2020,25.78
13/05/2020,25.29
14/05/2020,27.624
15/05/2020,29.466
18/05/2020,31.718
19/05/2020,32.068
20/05/2020,33.49
21/05/2020,33.92
22/05/2020,33.25
26/05/2020,34.35
27/05/2020,32.81
28/05/2020,33.71
29/05/2020,35.49
01/06/2020,35.44
02/06/2020,36.81
03/06/2020,37.29
04/06/2020,37.41
05/06/2020,39.55
08/06/2020,38.19
09/06/2020,38.94
10/06/2020,39.6
11/06/2020,36.34
12/06/2020,36.26
15/06/2020,37.12
16/06/2020,38.38
17/06/2020,38.01
18/06/2020,38.924
19/06/2020,39.798
22/06/2020,40.676
23/06/2020,40.37
24/06/2020,38.01
25/06/2020,38.72
26/06/2020,38.49
29/06/2020,39.7
30/06/2020,39.27
01/07/2020,39.82
02/07/2020,40.65
06/07/2020,40.63
07/07/2020,40.62
08/07/2020,40.9
09/07/2020,39.62
10/07/2020,40.55
13/07/2020,40.1
14/07/2020,40.29
15/07/2020,41.2
16/07/2020,40.786
17/07/2020,40.654
20/07/2020,40.876
21/07/2020,41.928
22/07/2020,41.9
23/07/2020,41.07
24/07/2020,41.29
27/07/2020,41.6
28/07/2020,41.04
29/07/2020,41.27
30/07/2020,39.92
31/07/2020,40.27
03/08/2020,41.01
04/08/2020,41.7
05/08/2020,42.19
06/08/2020,41.95
07/08/2020,41.22
10/08/2020,41.94
11/08/2020,41.61
12/08/2020,42.67
13/08/2020,42.24
14/08/2020,42.01
17/08/2020,42.946
18/08/2020,42.982
19/08/2020,43.038
20/08/2020,42.772
21/08/2020,42.34
24/08/2020,42.62
25/08/2020,43.35
26/08/2020,43.39
27/08/2020,43.04
28/08/2020,42.97
31/08/2020,42.61
01/09/2020,42.76
02/09/2020,41.51
03/09/2020,41.37
04/09/2020,39.77
08/09/2020,36.76
09/09/2020,38.05
10/09/2020,37.3
11/09/2020,37.33
14/09/2020,37.26
15/09/2020,38.28
16/09/2020,40.16
17/09/2020,41.02
18/09/2020,41.194
21/09/2020,39.448
22/09/2020,39.76
23/09/2020,39.93
24/09/2020,40.31
25/09/2020,40.25
28/09/2020,40.6
29/09/2020,39.29
30/09/2020,40.22
01/10/2020,38.72
02/10/2020,37.05
05/10/2020,39.22
06/10/2020,40.67
07/10/2020,39.95
08/10/2020,41.19
09/10/2020,40.6
12/10/2020,39.43
13/10/2020,40.2
14/10/2020,41.04
15/10/2020,41.016
16/10/2020,40.976
19/10/2020,40.968
20/10/2020,41.652
21/10/2020,40.03
22/10/2020,40.64
23/10/2020,39.85
26/10/2020,38.56
27/10/2020,39.57
28/10/2020,37.39
29/10/2020,36.17
30/10/2020,35.79
02/11/2020,36.81
03/11/2020,37.66
04/11/2020,39.15
05/11/2020,38.79
06/11/2020,37.14
09/11/2020,40.29
10/11/2020,41.36
11/11/2020,41.45
12/11/2020,41.12
13/11/2020,40.13
16/11/2020,41.34
17/11/2020,41.474
18/11/2020,41.896
19/11/2020,41.836
20/11/2020,42.366
23/11/2020,43.06
24/11/2020,44.91
25/11/2020,45.71
27/11/2020,45.53
30/11/2020,45.34
01/12/2020,44.55
02/12/2020,45.28
03/12/2020,45.64
04/12/2020,46.26
07/12/2020,45.76
08/12/2020,45.6
09/12/2020,45.52
10/12/2020,46.78
11/12/2020,46.57
14/12/2020,46.99
15/12/2020,47.62
16/12/2020,47.856
17/12/2020,48.432
18/12/2020,49.184
21/12/2020,47.924
22/12/2020,47.02
23/12/2020,48.12
24/12/2020,48.23
28/12/2020,47.62
29/12/2020,48
30/12/2020,48.4
31/12/2020,48.52
04/01/2021,47.62
05/01/2021,49.93
06/01/2021,50.63
07/01/2021,50.83
08/01/2021,52.24
11/01/2021,52.25
12/01/2021,53.21
13/01/2021,52.91
14/01/2021,53.58
15/01/2021,52.384
19/01/2021,52.98
20/01/2021,53.296
21/01/2021,53.13
22/01/2021,52.27
25/01/2021,52.77
26/01/2021,52.61
27/01/2021,52.85
28/01/2021,52.34
29/01/2021,52.2
01/02/2021,53.55
02/02/2021,54.76
03/02/2021,55.69
04/02/2021,56.23
05/02/2021,56.85
08/02/2021,57.97
09/02/2021,58.36
10/02/2021,58.68
11/02/2021,58.24
12/02/2021,59.47
16/02/2021,60.05
17/02/2021,61.144
18/02/2021,60.524
19/02/2021,59.252
22/02/2021,61.658
23/02/2021,61.67
24/02/2021,63.22
25/02/2021,63.53
26/02/2021,61.5
01/03/2021,60.64
02/03/2021,59.75
03/03/2021,61.28
04/03/2021,63.83
05/03/2021,66.09
08/03/2021,65.05
09/03/2021,64.01
10/03/2021,64.44
11/03/2021,66.02
12/03/2021,65.61
13/03/2021,
14/03/2021,
15/03/2021,
16/03/2021,
17/03/2021,
18/03/2021,
19/03/2021,
20/03/2021,
21/03/2021,
22/03/2021,
23/03/2021,
24/03/2021,
25/03/2021,
26/03/2021,
27/03/2021,
28/03/2021,
29/03/2021,
30/03/2021,
31/03/2021,
01/04/2021,
02/04/2021,